SpectrumID	Compound_Name	Ion_Source	Instrument	Compound_Source	PI	Data_Collector	Adduct	Precursor_MZ	ExactMass	Charge	CAS_Number	Pubmed_ID	Smiles	INCHI	INCHI_AUX	Library_Class	IonMode	UpdateWorkflowName	LibraryQualityString	#Scan#	SpectrumFile	LibraryName	MQScore	Organism	TIC_Query	RT_Query	MZErrorPPM	SharedPeaks	MassDiff	LibMZ	SpecMZ	SpecCharge	FileScanUniqueID	NumberHits	tags	MoleculeExplorerDatasets	MoleculeExplorerFiles	InChIKey	InChIKey-Planar	superclass	class	subclass	npclassifier_superclass	npclassifier_class	npclassifier_pathway
CCMSLIB00005773998	Massbank:AU247001 Tris(1-chloro-2-propyl)phosphate|Tris(1-chloro-2-propyl) phosphate|tris(1-chloropropan-2-yl) phosphate	ESI	qTof	Isolated	Massbank	Massbank	M+H	327.008	0.0	1	98112-32-4	N/A	CC(CCl)OP(=O)(OC(C)CCl)OC(C)CCl	1S/C9H18Cl3O4P/c1-7(4-10)14-17(13,15-8(2)5-11)16-9(3)6-12/h7-9H,4-6H2,1-3H3	N/A	3	Positive	UPDATE-SINGLE-ANNOTATED-BRONZE	Bronze	1229	spectra_filtered/specs_ms.mgf	lib-00046.mgf	0.9896590000000001	MASSBANK	53708.0	424.785	0.8399129999999999	7	0.000274658	327.008	327.008	1	spectra_filtered/specs_ms.mgf1229	1		0	0	KVMPUXDNESXNOH-UHFFFAOYSA-N	KVMPUXDNESXNOH	Organic acids and derivatives	Organic phosphoric acids and derivatives	Phosphate esters			Fatty acids
CCMSLIB00005773998	Massbank:AU247001 Tris(1-chloro-2-propyl)phosphate|Tris(1-chloro-2-propyl) phosphate|tris(1-chloropropan-2-yl) phosphate	ESI	qTof	Isolated	Massbank	Massbank	M+H	327.008	0.0	1	98112-32-4	N/A	CC(CCl)OP(=O)(OC(C)CCl)OC(C)CCl	1S/C9H18Cl3O4P/c1-7(4-10)14-17(13,15-8(2)5-11)16-9(3)6-12/h7-9H,4-6H2,1-3H3	N/A	3	Positive	UPDATE-SINGLE-ANNOTATED-BRONZE	Bronze	1224	spectra_filtered/specs_ms.mgf	lib-00046.mgf	0.988513	MASSBANK	61522.0	423.959	0.373295	6	0.00012207	327.008	327.008	1	spectra_filtered/specs_ms.mgf1224	1		0	0	KVMPUXDNESXNOH-UHFFFAOYSA-N	KVMPUXDNESXNOH	Organic acids and derivatives	Organic phosphoric acids and derivatives	Phosphate esters			Fatty acids
CCMSLIB00005773998	Massbank:AU247001 Tris(1-chloro-2-propyl)phosphate|Tris(1-chloro-2-propyl) phosphate|tris(1-chloropropan-2-yl) phosphate	ESI	qTof	Isolated	Massbank	Massbank	M+H	327.008	0.0	1	98112-32-4	N/A	CC(CCl)OP(=O)(OC(C)CCl)OC(C)CCl	1S/C9H18Cl3O4P/c1-7(4-10)14-17(13,15-8(2)5-11)16-9(3)6-12/h7-9H,4-6H2,1-3H3	N/A	3	Positive	UPDATE-SINGLE-ANNOTATED-BRONZE	Bronze	1234	spectra_filtered/specs_ms.mgf	lib-00046.mgf	0.988513	MASSBANK	61522.0	423.959	0.373295	6	0.00012207	327.008	327.008	1	spectra_filtered/specs_ms.mgf1234	1		0	0	KVMPUXDNESXNOH-UHFFFAOYSA-N	KVMPUXDNESXNOH	Organic acids and derivatives	Organic phosphoric acids and derivatives	Phosphate esters			Fatty acids
CCMSLIB00003137634	Spectral Match to Cholic acid from NIST14	ESI	QqQ	Isolated	Data from Dorrestein	Data deposited by quinnr	2M+H	817.583	0.0	1	81254	N/A	N/A	N/A	N/A	3	Positive	UPDATE-SINGLE-ANNOTATED-BRONZE	Bronze	2845	spectra_filtered/specs_ms.mgf	lib-00017.mgf	0.9694729999999999	GNPS-NIST14-MATCHES	157854.0	446.371	1.94098	7	0.00158691	817.583	817.581	1	spectra_filtered/specs_ms.mgf2845	1		172	16159	N/A	N/A	N/A	N/A	N/A	N/A	N/A	N/A
CCMSLIB00005883286	GLYCOCHOLATE - 20.0 eV	ESI	Orbitrap	Isolated	Madeleine Ernst	Anna Abrahamsson	M+H	466.316	0.0	1	475-31-0	N/A	[H][C@@]12CC[C@H]([C@H](C)CCC(=O)NCC(O)=O)[C@@]1(C)[C@@H](O)C[C@@]1([H])[C@@]2([H])[C@H](O)CC2C[C@H](O)CC[C@]12C	N/A	N/A	1	Positive	UPDATE-SINGLE-ANNOTATED-GOLD	Gold	2379	spectra_filtered/specs_ms.mgf	lib-00042.mgf	0.9620350000000001	GNPS-LIBRARY	833894.0	398.102	0.850772	13	0.000396729	466.316	466.316	1	spectra_filtered/specs_ms.mgf2379	1		0	0	RFDAIACWWDREDC-MZMBZMQMSA-N	RFDAIACWWDREDC	Lipids and lipid-like molecules	Steroids and steroid derivatives	Bile acids, alcohols and derivatives	Steroids	Cholane steroids	Terpenoids
CCMSLIB00004691586	Cholic Acid	N/A	ESI-QFT	isolated	MoNA	MoNA:VF-NPL-QEHF000523	[M+NH4]+	426.321	0.0	1	N/A	N/A	N/A	InChI=1S/C24H40O5/c1-13(4-7-21(28)29)16-5-6-17-22-18(12-20(27)24(16,17)3)23(2)9-8-15(25)10-14(23)11-19(22)26/h13-20,22,25-27H,4-12H2,1-3H3,(H,28,29)/t13-,14+,15-,16-,17+,18+,19-,20+,22+,23+,24-/m1/s1	N/A	3	positive	UPDATE-SINGLE-ANNOTATED-BRONZE	Bronze	2010	spectra_filtered/specs_ms.mgf	lib-00003.mgf	0.9616819999999999	MONA	736732.0	444.955	0.644252	8	0.000274658	426.321	426.32099999999997	1	spectra_filtered/specs_ms.mgf2010	1		1	3	BHQCQFFYRZLCQQ-OELDTZBJSA-N	BHQCQFFYRZLCQQ	Lipids and lipid-like molecules	Steroids and steroid derivatives	Bile acids, alcohols and derivatives	N/A	N/A	N/A
CCMSLIB00005738072	Massbank:RP006502 ?-Tauromuricholic acid|2-[[(4R)-4-[(3R,5R,6S,7S,8S,9S,10R,13R,14S)-3,6,7-trihydroxy-10,13-dimethyl-2,3,4,5,6,7,8,9,11,12,14,15,16,17-tetradecahydro-1H-cyclopenta[a]phenanthren-17-yl]pentanoyl]amino]et	ESI	qTof	Isolated	Massbank	Massbank	M+H	516.299	0.0	1	N/A	N/A	O=S(=O)(O)CCNC(=O)CC[C@H](C1CC[C@@H]2[C@]1(C)CC[C@H]4[C@H]2[C@H](O)[C@@H](O)[C@@H]3C[C@H](O)CC[C@@]34C)C	1S/C26H45NO7S/c1-15(4-7-21(29)27-12-13-35(32,33)34)17-5-6-18-22-19(9-11-25(17,18)2)26(3)10-8-16(28)14-20(26)23(30)24(22)31/h15-20,22-24,28,30-31H,4-14H2,1-3H3,(H,27,29)(H,32,33,34)/t15-,16-,17?,18+,19+,20+,22+,23+,24+,25-,26-/m1/s1	N/A	3	Positive	UPDATE-SINGLE-ANNOTATED-BRONZE	Bronze	2553	spectra_filtered/specs_ms.mgf	lib-00046.mgf	0.959216	MASSBANK	75196.0	341.708	0.118217	6	6.10352e-05	516.299	516.299	1	spectra_filtered/specs_ms.mgf2553	1		0	0	XSOLDPYUICCHJX-HTWZWKQOSA-N	XSOLDPYUICCHJX	Lipids and lipid-like molecules	Steroids and steroid derivatives	Bile acids, alcohols and derivatives	Steroids	Cholane steroids	Terpenoids
CCMSLIB00005738072	Massbank:RP006502 ?-Tauromuricholic acid|2-[[(4R)-4-[(3R,5R,6S,7S,8S,9S,10R,13R,14S)-3,6,7-trihydroxy-10,13-dimethyl-2,3,4,5,6,7,8,9,11,12,14,15,16,17-tetradecahydro-1H-cyclopenta[a]phenanthren-17-yl]pentanoyl]amino]et	ESI	qTof	Isolated	Massbank	Massbank	M+H	516.299	0.0	1	N/A	N/A	O=S(=O)(O)CCNC(=O)CC[C@H](C1CC[C@@H]2[C@]1(C)CC[C@H]4[C@H]2[C@H](O)[C@@H](O)[C@@H]3C[C@H](O)CC[C@@]34C)C	1S/C26H45NO7S/c1-15(4-7-21(29)27-12-13-35(32,33)34)17-5-6-18-22-19(9-11-25(17,18)2)26(3)10-8-16(28)14-20(26)23(30)24(22)31/h15-20,22-24,28,30-31H,4-14H2,1-3H3,(H,27,29)(H,32,33,34)/t15-,16-,17?,18+,19+,20+,22+,23+,24+,25-,26-/m1/s1	N/A	3	Positive	UPDATE-SINGLE-ANNOTATED-BRONZE	Bronze	2548	spectra_filtered/specs_ms.mgf	lib-00046.mgf	0.959216	MASSBANK	75196.0	341.708	0.118217	6	6.10352e-05	516.299	516.299	1	spectra_filtered/specs_ms.mgf2548	1		0	0	XSOLDPYUICCHJX-HTWZWKQOSA-N	XSOLDPYUICCHJX	Lipids and lipid-like molecules	Steroids and steroid derivatives	Bile acids, alcohols and derivatives	Steroids	Cholane steroids	Terpenoids
CCMSLIB00005435982	Cholic acid	LC-ESI	qTof	Commercial	Uwe Karst	Robin Schmid	2M+H	817.582	408.288	1	81-25-4	 	[H][C@@]12C[C@H](O)CC[C@]1(C)[C@@]1([H])C[C@H](O)[C@]3(C)[C@]([H])(CC[C@@]3([H])[C@]1([H])[C@H](O)C2)[C@H](C)CCC(O)=O	InChI=1S/C24H40O5/c1-13(4-7-21(28)29)16-5-6-17-22-18(12-20(27)24(16,17)3)23(2)9-8-15(25)10-14(23)11-19(22)26/h13-20,22,25-27H,4-12H2,1-3H3,(H,28,29)/t13-,14+,15-,16-,17+,18+,19-,20+,22+,23+,24-/m1/s1	BHQCQFFYRZLCQQ-OELDTZBJSA-N	3	Positive	UPDATE-SINGLE-ANNOTATED-BRONZE	Bronze	2846	spectra_filtered/specs_ms.mgf	lib-00042.mgf	0.958421	GNPS-LIBRARY	166864.0	446.425	0.671879	8	0.000549316	817.582	817.581	1	spectra_filtered/specs_ms.mgf2846	1		132	10171	BHQCQFFYRZLCQQ-OELDTZBJSA-N	BHQCQFFYRZLCQQ	Lipids and lipid-like molecules	Steroids and steroid derivatives	Bile acids, alcohols and derivatives	Steroids	Cholane steroids	Terpenoids
CCMSLIB00005465692	"""2-((R)-4-((3S,5S,7S,8R,9S,10S,13R,14S,17R)-3,7-dihydroxy-10,13-dimethylhexadecahydro-1H-cyclopenta[a]phenanthren-17-yl)pentanamido)ethane-1-sulfonic acid"""	ESI	qTof	crude	Dorrestein	Emily Gentry	M+Na	522.286	499.297	1			C[C@@H]([C@H]1CC[C@]2([H])[C@]1(C)CC[C@@]3([H])[C@@]2([H])[C@@H](O)C[C@@]4([H])[C@]3(C)CC[C@H](O)C4)CCC(NCCS(=O)(O)=O)=O	"""InChI=1S/C26H45NO6S/c1-16(4-7-23(30)27-12-13-34(31,32)33)19-5-6-20-24-21(9-11-26(19,20)3)25(2)10-8-18(28)14-17(25)15-22(24)29/h16-22,24,28-29H,4-15H2,1-3H3,(H,27,30)(H,31,32,33)/t16-,17+,18+,19-,20+,21+,22+,24+,25+,26-/m1/s1"""	N/A	1	Positive	UPDATE-SINGLE-ANNOTATED-GOLD	Gold	2581	spectra_filtered/specs_ms.mgf	lib-00023.mgf	0.957002	BILELIB19	56664.0	357.083	0.7011689999999999	13	0.00036621099999999997	522.286	522.286	1	spectra_filtered/specs_ms.mgf2581	1		0	0	BHTRKEVKTKCXOH-JHLFTUBESA-N	BHTRKEVKTKCXOH	Lipids and lipid-like molecules	Steroids and steroid derivatives	Bile acids, alcohols and derivatives	Steroids	Cholane steroids	Terpenoids
CCMSLIB00005738072	Massbank:RP006502 ?-Tauromuricholic acid|2-[[(4R)-4-[(3R,5R,6S,7S,8S,9S,10R,13R,14S)-3,6,7-trihydroxy-10,13-dimethyl-2,3,4,5,6,7,8,9,11,12,14,15,16,17-tetradecahydro-1H-cyclopenta[a]phenanthren-17-yl]pentanoyl]amino]et	ESI	qTof	Isolated	Massbank	Massbank	M+H	516.299	0.0	1	N/A	N/A	O=S(=O)(O)CCNC(=O)CC[C@H](C1CC[C@@H]2[C@]1(C)CC[C@H]4[C@H]2[C@H](O)[C@@H](O)[C@@H]3C[C@H](O)CC[C@@]34C)C	1S/C26H45NO7S/c1-15(4-7-21(29)27-12-13-35(32,33)34)17-5-6-18-22-19(9-11-25(17,18)2)26(3)10-8-16(28)14-20(26)23(30)24(22)31/h15-20,22-24,28,30-31H,4-14H2,1-3H3,(H,27,29)(H,32,33,34)/t15-,16-,17?,18+,19+,20+,22+,23+,24+,25-,26-/m1/s1	N/A	3	Positive	UPDATE-SINGLE-ANNOTATED-BRONZE	Bronze	2554	spectra_filtered/specs_ms.mgf	lib-00046.mgf	0.95645	MASSBANK	127342.0	341.76300000000003	0.118217	10	6.10352e-05	516.299	516.299	1	spectra_filtered/specs_ms.mgf2554	1		0	0	XSOLDPYUICCHJX-HTWZWKQOSA-N	XSOLDPYUICCHJX	Lipids and lipid-like molecules	Steroids and steroid derivatives	Bile acids, alcohols and derivatives	Steroids	Cholane steroids	Terpenoids
CCMSLIB00005738072	Massbank:RP006502 ?-Tauromuricholic acid|2-[[(4R)-4-[(3R,5R,6S,7S,8S,9S,10R,13R,14S)-3,6,7-trihydroxy-10,13-dimethyl-2,3,4,5,6,7,8,9,11,12,14,15,16,17-tetradecahydro-1H-cyclopenta[a]phenanthren-17-yl]pentanoyl]amino]et	ESI	qTof	Isolated	Massbank	Massbank	M+H	516.299	0.0	1	N/A	N/A	O=S(=O)(O)CCNC(=O)CC[C@H](C1CC[C@@H]2[C@]1(C)CC[C@H]4[C@H]2[C@H](O)[C@@H](O)[C@@H]3C[C@H](O)CC[C@@]34C)C	1S/C26H45NO7S/c1-15(4-7-21(29)27-12-13-35(32,33)34)17-5-6-18-22-19(9-11-25(17,18)2)26(3)10-8-16(28)14-20(26)23(30)24(22)31/h15-20,22-24,28,30-31H,4-14H2,1-3H3,(H,27,29)(H,32,33,34)/t15-,16-,17?,18+,19+,20+,22+,23+,24+,25-,26-/m1/s1	N/A	3	Positive	UPDATE-SINGLE-ANNOTATED-BRONZE	Bronze	2549	spectra_filtered/specs_ms.mgf	lib-00046.mgf	0.95645	MASSBANK	127342.0	341.76300000000003	0.118217	10	6.10352e-05	516.299	516.299	1	spectra_filtered/specs_ms.mgf2549	1		0	0	XSOLDPYUICCHJX-HTWZWKQOSA-N	XSOLDPYUICCHJX	Lipids and lipid-like molecules	Steroids and steroid derivatives	Bile acids, alcohols and derivatives	Steroids	Cholane steroids	Terpenoids
CCMSLIB00005738466	Massbank:RP006202 Tauroursodeoxycholic acid|2-[[(4R)-4-[(3R,5S,7S,8R,9S,10S,13R,14S,17R)-3,7-dihydroxy-10,13-dimethyl-2,3,4,5,6,7,8,9,11,12,14,15,16,17-tetradecahydro-1H-cyclopenta[a]phenanthren-17-yl]pentanoyl]amino]e	ESI	qTof	Isolated	Massbank	Massbank	M+H	500.304	0.0	1	14605-22-2	N/A	C[C@H](CCC(=O)NCCS(=O)(=O)O)[C@H]1CC[C@@H]2[C@@]1(CC[C@H]3[C@H]2[C@H](C[C@H]4[C@@]3(CC[C@H](C4)O)C)O)C	1S/C26H45NO6S/c1-16(4-7-23(30)27-12-13-34(31,32)33)19-5-6-20-24-21(9-11-26(19,20)3)25(2)10-8-18(28)14-17(25)15-22(24)29/h16-22,24,28-29H,4-15H2,1-3H3,(H,27,30)(H,31,32,33)/t16-,17+,18-,19-,20+,21+,22+,24+,25+,26-/m1/s1	N/A	3	Positive	UPDATE-SINGLE-ANNOTATED-BRONZE	Bronze	2509	spectra_filtered/specs_ms.mgf	lib-00046.mgf	0.948679	MASSBANK	214806.0	357.806	0.609981	12	0.000305176	500.304	500.30400000000003	1	spectra_filtered/specs_ms.mgf2509	1		0	0	BHTRKEVKTKCXOH-LBSADWJPSA-N	BHTRKEVKTKCXOH	Lipids and lipid-like molecules	Steroids and steroid derivatives	Bile acids, alcohols and derivatives	Steroids	Cholane steroids	Terpenoids
CCMSLIB00005464870	"""((R)-4-((3R,5S,7S,8R,9S,10S,12S,13R,14S,17R)-3,7,12-trihydroxy-10,13-dimethylhexadecahydro-1H-cyclopenta[a]phenanthren-17-yl)pentanoyl)glycine"""	ESI	qTof	crude	Dorrestein	Emily Gentry	M+H	466.316	465.309	1			C[C@@H]([C@H]1CC[C@]2([H])[C@]1(C)[C@@H](O)C[C@@]3([H])[C@@]2([H])[C@@H](O)C[C@@]4([H])[C@]3(C)CC[C@@H](O)C4)CCC(NCC(O)=O)=O	"""InChI=1S/C26H43NO6/c1-14(4-7-22(31)27-13-23(32)33)17-5-6-18-24-19(12-21(30)26(17,18)3)25(2)9-8-16(28)10-15(25)11-20(24)29/h14-21,24,28-30H,4-13H2,1-3H3,(H,27,31)(H,32,33)/t14-,15+,16-,17-,18+,19+,20+,21+,24+,25+,26-/m1/s1"""	N/A	1	Positive	UPDATE-SINGLE-ANNOTATED-GOLD	Gold	2380	spectra_filtered/specs_ms.mgf	lib-00023.mgf	0.9465469999999999	BILELIB19	490610.0	397.05	1.76699	21	0.000823975	466.316	466.31699999999995	1	spectra_filtered/specs_ms.mgf2380	1		0	0	RFDAIACWWDREDC-IFZPJRIXSA-N	RFDAIACWWDREDC	Lipids and lipid-like molecules	Steroids and steroid derivatives	Bile acids, alcohols and derivatives	Steroids	Cholane steroids	Terpenoids
CCMSLIB00005738832	Massbank:RP005502 Glycoursodeoxycholic acid|2-[[(4R)-4-[(3R,5S,7S,10S,13R,17R)-3,7-dihydroxy-10,13-dimethyl-2,3,4,5,6,7,8,9,11,12,14,15,16,17-tetradecahydro-1H-cyclopenta[a]phenanthren-17-yl]pentanoyl]amino]acetic acid	ESI	qTof	Isolated	Massbank	Massbank	M+H	450.321	0.0	1	64480-66-6	N/A	C[C@H](CCC(=O)NCC(=O)O)[C@H]1CCC2[C@@]1(CCC3C2[C@H](C[C@H]4[C@@]3(CC[C@H](C4)O)C)O)C	1S/C26H43NO5/c1-15(4-7-22(30)27-14-23(31)32)18-5-6-19-24-20(9-11-26(18,19)3)25(2)10-8-17(28)12-16(25)13-21(24)29/h15-21,24,28-29H,4-14H2,1-3H3,(H,27,30)(H,31,32)/t15-,16+,17-,18-,19?,20?,21+,24?,25+,26-/m1/s1	N/A	3	Positive	UPDATE-SINGLE-ANNOTATED-BRONZE	Bronze	2249	spectra_filtered/specs_ms.mgf	lib-00046.mgf	0.9362020000000001	MASSBANK	391626.0	385.76300000000003	1.0843	18	0.00048828099999999997	450.321	450.32199999999995	1	spectra_filtered/specs_ms.mgf2249	1		0	0	GHCZAUBVMUEKKP-NHIHLBCISA-N	GHCZAUBVMUEKKP	Lipids and lipid-like molecules	Steroids and steroid derivatives	Bile acids, alcohols and derivatives	Steroids	Cholane steroids	Terpenoids
CCMSLIB00005738832	Massbank:RP005502 Glycoursodeoxycholic acid|2-[[(4R)-4-[(3R,5S,7S,10S,13R,17R)-3,7-dihydroxy-10,13-dimethyl-2,3,4,5,6,7,8,9,11,12,14,15,16,17-tetradecahydro-1H-cyclopenta[a]phenanthren-17-yl]pentanoyl]amino]acetic acid	ESI	qTof	Isolated	Massbank	Massbank	M+H	450.321	0.0	1	64480-66-6	N/A	C[C@H](CCC(=O)NCC(=O)O)[C@H]1CCC2[C@@]1(CCC3C2[C@H](C[C@H]4[C@@]3(CC[C@H](C4)O)C)O)C	1S/C26H43NO5/c1-15(4-7-22(30)27-14-23(31)32)18-5-6-19-24-20(9-11-26(18,19)3)25(2)10-8-17(28)12-16(25)13-21(24)29/h15-21,24,28-29H,4-14H2,1-3H3,(H,27,30)(H,31,32)/t15-,16+,17-,18-,19?,20?,21+,24?,25+,26-/m1/s1	N/A	3	Positive	UPDATE-SINGLE-ANNOTATED-BRONZE	Bronze	2254	spectra_filtered/specs_ms.mgf	lib-00046.mgf	0.9362020000000001	MASSBANK	391626.0	385.76300000000003	1.0843	18	0.00048828099999999997	450.321	450.32199999999995	1	spectra_filtered/specs_ms.mgf2254	1		0	0	GHCZAUBVMUEKKP-NHIHLBCISA-N	GHCZAUBVMUEKKP	Lipids and lipid-like molecules	Steroids and steroid derivatives	Bile acids, alcohols and derivatives	Steroids	Cholane steroids	Terpenoids
CCMSLIB00010090781	PC(0:0/16:0); [M+H]+ C24H51N1O7P1	LC-ESI	HCD; Velos	Commercial	Thomas Metz	Thomas Metz	M+H	496.34	0.0	1	N/A	N/A	N/A	N/A	N/A	1	Positive	UPDATE-SINGLE-ANNOTATED-GOLD	Gold	2490	spectra_filtered/specs_ms.mgf	lib-00016.mgf	0.9360120000000001	PNNL-LIPIDS-POSITIVE	133126.0	541.974	1.59861	7	0.000793457	496.34	496.34	1	spectra_filtered/specs_ms.mgf2490	1		288	32777	N/A	N/A	N/A	N/A	N/A	N/A	N/A	N/A
CCMSLIB00010090781	PC(0:0/16:0); [M+H]+ C24H51N1O7P1	LC-ESI	HCD; Velos	Commercial	Thomas Metz	Thomas Metz	M+H	496.34	0.0	1	N/A	N/A	N/A	N/A	N/A	1	Positive	UPDATE-SINGLE-ANNOTATED-GOLD	Gold	2495	spectra_filtered/specs_ms.mgf	lib-00016.mgf	0.9360120000000001	PNNL-LIPIDS-POSITIVE	133126.0	541.974	1.59861	7	0.000793457	496.34	496.34	1	spectra_filtered/specs_ms.mgf2495	1		288	32777	N/A	N/A	N/A	N/A	N/A	N/A	N/A	N/A
CCMSLIB00003139578	Spectral Match to Tetrabutylammonium from NIST14	ESI	QqQ	Isolated	Data from Maria Maansson	Data deposited by marjo	Cat	242.285	0.0	1	10549765	N/A	N/A	N/A	N/A	3	Positive	UPDATE-SINGLE-ANNOTATED-BRONZE	Bronze	622	spectra_filtered/specs_ms.mgf	lib-00017.mgf	0.930884	GNPS-NIST14-MATCHES	25756.0	329.10400000000004	3.3378699999999997	6	0.000808716	242.285	242.28400000000002	1	spectra_filtered/specs_ms.mgf622	1		27	1363	N/A	N/A	N/A	N/A	N/A	N/A	N/A	N/A
CCMSLIB00010066649	PC(0:0/18:1); [M+H]+ C26H53N1O7P1	LC-ESI	HCD; Velos	Commercial	Thomas Metz	Thomas Metz	M+H	522.356	0.0	1	N/A	N/A	N/A	N/A	N/A	1	Positive	UPDATE-SINGLE-ANNOTATED-GOLD	Gold	2590	spectra_filtered/specs_ms.mgf	lib-00016.mgf	0.9308629999999999	PNNL-LIPIDS-POSITIVE	333440.0	552.202	1.2853	6	0.000671387	522.356	522.355	1	spectra_filtered/specs_ms.mgf2590	1		221	20841	N/A	N/A	N/A	N/A	N/A	N/A	N/A	N/A
CCMSLIB00010066649	PC(0:0/18:1); [M+H]+ C26H53N1O7P1	LC-ESI	HCD; Velos	Commercial	Thomas Metz	Thomas Metz	M+H	522.356	0.0	1	N/A	N/A	N/A	N/A	N/A	1	Positive	UPDATE-SINGLE-ANNOTATED-GOLD	Gold	2585	spectra_filtered/specs_ms.mgf	lib-00016.mgf	0.9308629999999999	PNNL-LIPIDS-POSITIVE	333440.0	552.202	1.2853	6	0.000671387	522.356	522.355	1	spectra_filtered/specs_ms.mgf2585	1		221	20841	N/A	N/A	N/A	N/A	N/A	N/A	N/A	N/A
CCMSLIB00003137634	Spectral Match to Cholic acid from NIST14	ESI	QqQ	Isolated	Data from Dorrestein	Data deposited by quinnr	2M+H	817.583	0.0	1	81254	N/A	N/A	N/A	N/A	3	Positive	UPDATE-SINGLE-ANNOTATED-BRONZE	Bronze	2844	spectra_filtered/specs_ms.mgf	lib-00017.mgf	0.928932	GNPS-NIST14-MATCHES	99986.0	446.31699999999995	1.94098	8	0.00158691	817.583	817.581	1	spectra_filtered/specs_ms.mgf2844	1		172	16159	N/A	N/A	N/A	N/A	N/A	N/A	N/A	N/A
CCMSLIB00010066649	PC(0:0/18:1); [M+H]+ C26H53N1O7P1	LC-ESI	HCD; Velos	Commercial	Thomas Metz	Thomas Metz	M+H	522.356	0.0	1	N/A	N/A	N/A	N/A	N/A	1	Positive	UPDATE-SINGLE-ANNOTATED-GOLD	Gold	2591	spectra_filtered/specs_ms.mgf	lib-00016.mgf	0.921874	PNNL-LIPIDS-POSITIVE	297838.0	552.256	1.2853	6	0.000671387	522.356	522.355	1	spectra_filtered/specs_ms.mgf2591	1		221	20841	N/A	N/A	N/A	N/A	N/A	N/A	N/A	N/A
CCMSLIB00010066649	PC(0:0/18:1); [M+H]+ C26H53N1O7P1	LC-ESI	HCD; Velos	Commercial	Thomas Metz	Thomas Metz	M+H	522.356	0.0	1	N/A	N/A	N/A	N/A	N/A	1	Positive	UPDATE-SINGLE-ANNOTATED-GOLD	Gold	2586	spectra_filtered/specs_ms.mgf	lib-00016.mgf	0.921874	PNNL-LIPIDS-POSITIVE	297838.0	552.256	1.2853	6	0.000671387	522.356	522.355	1	spectra_filtered/specs_ms.mgf2586	1		221	20841	N/A	N/A	N/A	N/A	N/A	N/A	N/A	N/A
CCMSLIB00004691587	Cholic Acid	N/A	ESI-QFT	isolated	MoNA	MoNA:VF-NPL-QEHF000524	[M+NH4]+	426.321	0.0	1	N/A	N/A	N/A	InChI=1S/C24H40O5/c1-13(4-7-21(28)29)16-5-6-17-22-18(12-20(27)24(16,17)3)23(2)9-8-15(25)10-14(23)11-19(22)26/h13-20,22,25-27H,4-12H2,1-3H3,(H,28,29)/t13-,14+,15-,16-,17+,18+,19-,20+,22+,23+,24-/m1/s1	N/A	3	positive	UPDATE-SINGLE-ANNOTATED-BRONZE	Bronze	2011	spectra_filtered/specs_ms.mgf	lib-00003.mgf	0.919795	MONA	580350.0	445.01	0.644252	14	0.000274658	426.321	426.32099999999997	1	spectra_filtered/specs_ms.mgf2011	1		1	3	BHQCQFFYRZLCQQ-OELDTZBJSA-N	BHQCQFFYRZLCQQ	Lipids and lipid-like molecules	Steroids and steroid derivatives	Bile acids, alcohols and derivatives	N/A	N/A	N/A
CCMSLIB00005464870	"""((R)-4-((3R,5S,7S,8R,9S,10S,12S,13R,14S,17R)-3,7,12-trihydroxy-10,13-dimethylhexadecahydro-1H-cyclopenta[a]phenanthren-17-yl)pentanoyl)glycine"""	ESI	qTof	crude	Dorrestein	Emily Gentry	M+H	466.316	465.309	1			C[C@@H]([C@H]1CC[C@]2([H])[C@]1(C)[C@@H](O)C[C@@]3([H])[C@@]2([H])[C@@H](O)C[C@@]4([H])[C@]3(C)CC[C@@H](O)C4)CCC(NCC(O)=O)=O	"""InChI=1S/C26H43NO6/c1-14(4-7-22(31)27-13-23(32)33)17-5-6-18-24-19(12-21(30)26(17,18)3)25(2)9-8-16(28)10-15(25)11-20(24)29/h14-21,24,28-30H,4-13H2,1-3H3,(H,27,31)(H,32,33)/t14-,15+,16-,17-,18+,19+,20+,21+,24+,25+,26-/m1/s1"""	N/A	1	Positive	UPDATE-SINGLE-ANNOTATED-GOLD	Gold	2381	spectra_filtered/specs_ms.mgf	lib-00023.mgf	0.917491	BILELIB19	250060.0	398.21	0.850772	18	0.000396729	466.316	466.316	1	spectra_filtered/specs_ms.mgf2381	1		0	0	RFDAIACWWDREDC-IFZPJRIXSA-N	RFDAIACWWDREDC	Lipids and lipid-like molecules	Steroids and steroid derivatives	Bile acids, alcohols and derivatives	Steroids	Cholane steroids	Terpenoids
CCMSLIB00005738117	Massbank:RP005402 Glycodeoxycholic acid|2-[[(4R)-4-[(3R,8R,9S,10S,12S,13R,14S,17R)-3,12-dihydroxy-10,13-dimethyl-2,3,4,5,6,7,8,9,11,12,14,15,16,17-tetradecahydro-1H-cyclopenta[a]phenanthren-17-yl]pentanoyl]amino]acetic	ESI	qTof	Isolated	Massbank	Massbank	M+H	450.321	0.0	1	360-65-6	N/A	C[C@H](CCC(=O)NCC(=O)O)[C@H]1CC[C@@H]2[C@@]1([C@H](C[C@H]3[C@H]2CCC4[C@@]3(CC[C@H](C4)O)C)O)C	1S/C26H43NO5/c1-15(4-9-23(30)27-14-24(31)32)19-7-8-20-18-6-5-16-12-17(28)10-11-25(16,2)21(18)13-22(29)26(19,20)3/h15-22,28-29H,4-14H2,1-3H3,(H,27,30)(H,31,32)/t15-,16?,17-,18+,19-,20+,21+,22+,25+,26-/m1/s1	N/A	3	Positive	UPDATE-SINGLE-ANNOTATED-BRONZE	Bronze	2259	spectra_filtered/specs_ms.mgf	lib-00046.mgf	0.917158	MASSBANK	1234120.0	456.716	0.813222	13	0.00036621099999999997	450.321	450.32099999999997	1	spectra_filtered/specs_ms.mgf2259	1		0	0	WVULKSPCQVQLCU-XMPMLJJQSA-N	WVULKSPCQVQLCU	Lipids and lipid-like molecules	Steroids and steroid derivatives	Bile acids, alcohols and derivatives	Steroids	Cholane steroids	Terpenoids
CCMSLIB00005465592	"""2-((4R)-4-((3R,5S,7R,9S,10S,13R,14S,17R)-3,7-dihydroxy-10,13-dimethylhexadecahydro-1H-cyclopenta[a]phenanthren-17-yl)pentanamido)ethane-1-sulfonic acid"""	ESI	qTof	crude	Dorrestein	Emily Gentry	M+H	500.304	499.297	1			[H][C@@]12[C@H](O)C[C@]3([H])C[C@H](O)CC[C@]3(C)[C@H]1CC[C@@]4(C)[C@H]2CC[C@@H]4[C@@H](CCC(NCCS(=O)(O)=O)=O)C	"""InChI=1S/C26H45NO6S/c1-16(4-7-23(30)27-12-13-34(31,32)33)19-5-6-20-24-21(9-11-26(19,20)3)25(2)10-8-18(28)14-17(25)15-22(24)29/h16-22,24,28-29H,4-15H2,1-3H3,(H,27,30)(H,31,32,33)/t16-,17+,18-,19-,20+,21+,22-,24+,25+,26-/m1/s1"""	N/A	1	Positive	UPDATE-SINGLE-ANNOTATED-GOLD	Gold	2510	spectra_filtered/specs_ms.mgf	lib-00023.mgf	0.8913840000000001	BILELIB19	114708.0	357.85699999999997	0.609981	18	0.000305176	500.304	500.30400000000003	1	spectra_filtered/specs_ms.mgf2510	1		0	0	BHTRKEVKTKCXOH-BJLOMENOSA-N	BHTRKEVKTKCXOH	Lipids and lipid-like molecules	Steroids and steroid derivatives	Bile acids, alcohols and derivatives	Steroids	Cholane steroids	Terpenoids
CCMSLIB00005738626	Massbank:RP006903 ?-Tauromuricholic acid|2-[4-(3,6,7-trihydroxy-10,13-dimethyl-2,3,4,5,6,7,8,9,11,12,14,15,16,17-tetradecahydro-1H-cyclopenta[a]phenanthren-17-yl)pentanoylamino]ethanesulfonic acid	ESI	qTof	Isolated	Massbank	Massbank	M+H	516.299	0.0	1	25696-60-0	N/A	CC(CCC(=O)NCCS(=O)(=O)O)C1CCC2C1(CCC3C2C(C(C4C3(CCC(C4)O)C)O)O)C	1S/C26H45NO7S/c1-15(4-7-21(29)27-12-13-35(32,33)34)17-5-6-18-22-19(9-11-25(17,18)2)26(3)10-8-16(28)14-20(26)23(30)24(22)31/h15-20,22-24,28,30-31H,4-14H2,1-3H3,(H,27,29)(H,32,33,34)	N/A	3	Positive	UPDATE-SINGLE-ANNOTATED-BRONZE	Bronze	2551	spectra_filtered/specs_ms.mgf	lib-00046.mgf	0.891124	MASSBANK	45454.0	341.871	0.118217	18	6.10352e-05	516.299	516.299	1	spectra_filtered/specs_ms.mgf2551	1		0	0	XSOLDPYUICCHJX-UHFFFAOYSA-N	XSOLDPYUICCHJX	Lipids and lipid-like molecules	Steroids and steroid derivatives	Bile acids, alcohols and derivatives	Steroids	Cholane steroids	Terpenoids
CCMSLIB00005738626	Massbank:RP006903 ?-Tauromuricholic acid|2-[4-(3,6,7-trihydroxy-10,13-dimethyl-2,3,4,5,6,7,8,9,11,12,14,15,16,17-tetradecahydro-1H-cyclopenta[a]phenanthren-17-yl)pentanoylamino]ethanesulfonic acid	ESI	qTof	Isolated	Massbank	Massbank	M+H	516.299	0.0	1	25696-60-0	N/A	CC(CCC(=O)NCCS(=O)(=O)O)C1CCC2C1(CCC3C2C(C(C4C3(CCC(C4)O)C)O)O)C	1S/C26H45NO7S/c1-15(4-7-21(29)27-12-13-35(32,33)34)17-5-6-18-22-19(9-11-25(17,18)2)26(3)10-8-16(28)14-20(26)23(30)24(22)31/h15-20,22-24,28,30-31H,4-14H2,1-3H3,(H,27,29)(H,32,33,34)	N/A	3	Positive	UPDATE-SINGLE-ANNOTATED-BRONZE	Bronze	2556	spectra_filtered/specs_ms.mgf	lib-00046.mgf	0.891124	MASSBANK	45454.0	341.871	0.118217	18	6.10352e-05	516.299	516.299	1	spectra_filtered/specs_ms.mgf2556	1		0	0	XSOLDPYUICCHJX-UHFFFAOYSA-N	XSOLDPYUICCHJX	Lipids and lipid-like molecules	Steroids and steroid derivatives	Bile acids, alcohols and derivatives	Steroids	Cholane steroids	Terpenoids
CCMSLIB00005465298	"""(4R)-4-((3R,5S,7R,9S,10S,13R,14S,15R,17R)-3,7,15-trihydroxy-10,13-dimethylhexadecahydro-1H-cyclopenta[a]phenanthren-17-yl)pentanoic acid"""	ESI	qTof	crude	Dorrestein	Emily Gentry	2M+H	817.582	408.288	1			[H][C@@]12[C@H](O)C[C@@H]3C[C@H](O)CC[C@]3(C)[C@H]1CC[C@@]4(C)[C@]2([C@@H](O)C[C@@H]4[C@@H](CCC(O)=O)C)[H]	"""InChI=1S/C24H40O5/c1-13(4-5-20(28)29)17-12-19(27)22-21-16(7-9-24(17,22)3)23(2)8-6-15(25)10-14(23)11-18(21)26/h13-19,21-22,25-27H,4-12H2,1-3H3,(H,28,29)/t13-,14+,15-,16+,17-,18-,19+,21+,22+,23+,24-/m1/s1"""	N/A	1	Positive	UPDATE-SINGLE-ANNOTATED-GOLD	Gold	2847	spectra_filtered/specs_ms.mgf	lib-00023.mgf	0.8873200000000001	BILELIB19	96628.0	446.478	0.671879	13	0.000549316	817.582	817.581	1	spectra_filtered/specs_ms.mgf2847	1		0	0	KAOKDEFHEADBNL-BLLLHDCFSA-N	KAOKDEFHEADBNL	Lipids and lipid-like molecules	Steroids and steroid derivatives	Bile acids, alcohols and derivatives	Steroids	Cholane steroids	Terpenoids
CCMSLIB00005465493	"""2-((4R)-4-((3R,5R,6S,7S,9S,10R,13R,17R)-3,6,7-trihydroxy-10,13-dimethylhexadecahydro-1H-cyclopenta[a]phenanthren-17-yl)pentanamido)ethane-1-sulfonic acid"""	ESI	qTof	crude	Dorrestein	Emily Gentry	M+H	516.299	515.292	1			[H][C@@]12[C@H](O)[C@@H](O)[C@]3([H])C[C@H](O)CC[C@]3(C)[C@H]1CC[C@@]4(C)[C@]2(CC[C@@H]4[C@@H](CCC(NCCS(=O)(O)=O)=O)C)[H]	"""InChI=1S/C26H45NO7S/c1-15(4-7-21(29)27-12-13-35(32,33)34)17-5-6-18-22-19(9-11-25(17,18)2)26(3)10-8-16(28)14-20(26)23(30)24(22)31/h15-20,22-24,28,30-31H,4-14H2,1-3H3,(H,27,29)(H,32,33,34)/t15-,16-,17-,18+,19+,20+,22+,23+,24+,25-,26-/m1/s1"""	N/A	1	Positive	UPDATE-SINGLE-ANNOTATED-GOLD	Gold	2555	spectra_filtered/specs_ms.mgf	lib-00023.mgf	0.882741	BILELIB19	80402.0	341.81699999999995	0.118217	20	6.10352e-05	516.299	516.299	1	spectra_filtered/specs_ms.mgf2555	1		0	0	XSOLDPYUICCHJX-QQXJNSDFSA-N	XSOLDPYUICCHJX	N/A	N/A	N/A	Steroids	Cholane steroids	Terpenoids
CCMSLIB00005465493	"""2-((4R)-4-((3R,5R,6S,7S,9S,10R,13R,17R)-3,6,7-trihydroxy-10,13-dimethylhexadecahydro-1H-cyclopenta[a]phenanthren-17-yl)pentanamido)ethane-1-sulfonic acid"""	ESI	qTof	crude	Dorrestein	Emily Gentry	M+H	516.299	515.292	1			[H][C@@]12[C@H](O)[C@@H](O)[C@]3([H])C[C@H](O)CC[C@]3(C)[C@H]1CC[C@@]4(C)[C@]2(CC[C@@H]4[C@@H](CCC(NCCS(=O)(O)=O)=O)C)[H]	"""InChI=1S/C26H45NO7S/c1-15(4-7-21(29)27-12-13-35(32,33)34)17-5-6-18-22-19(9-11-25(17,18)2)26(3)10-8-16(28)14-20(26)23(30)24(22)31/h15-20,22-24,28,30-31H,4-14H2,1-3H3,(H,27,29)(H,32,33,34)/t15-,16-,17-,18+,19+,20+,22+,23+,24+,25-,26-/m1/s1"""	N/A	1	Positive	UPDATE-SINGLE-ANNOTATED-GOLD	Gold	2550	spectra_filtered/specs_ms.mgf	lib-00023.mgf	0.882741	BILELIB19	80402.0	341.81699999999995	0.118217	20	6.10352e-05	516.299	516.299	1	spectra_filtered/specs_ms.mgf2550	1		0	0	XSOLDPYUICCHJX-QQXJNSDFSA-N	XSOLDPYUICCHJX	N/A	N/A	N/A	Steroids	Cholane steroids	Terpenoids
CCMSLIB00005738342	Massbank:RP007402 Glycohyocholic acid|AM022340|2-[4-(3,6,7-trihydroxy-10,13-dimethyl-2,3,4,5,6,7,8,9,11,12,14,15,16,17-tetradecahydro-1H-cyclopenta[a]phenanthren-17-yl)pentanoylamino]acetic acid	ESI	qTof	Isolated	Massbank	Massbank	M+H	466.316	0.0	1	32747-08-3	N/A	CC(CCC(=O)NCC(=O)O)C1CCC2C1(CCC3C2C(C(C4C3(CCC(C4)O)C)O)O)C	1S/C26H43NO6/c1-14(4-7-20(29)27-13-21(30)31)16-5-6-17-22-18(9-11-25(16,17)2)26(3)10-8-15(28)12-19(26)23(32)24(22)33/h14-19,22-24,28,32-33H,4-13H2,1-3H3,(H,27,29)(H,30,31)	N/A	3	Positive	UPDATE-SINGLE-ANNOTATED-BRONZE	Bronze	2378	spectra_filtered/specs_ms.mgf	lib-00046.mgf	0.8767860000000001	MASSBANK	527104.0	398.048	0.850772	7	0.000396729	466.316	466.316	1	spectra_filtered/specs_ms.mgf2378	1		0	0	ZQYUKJFJPJDMMR-UHFFFAOYSA-N	ZQYUKJFJPJDMMR	Lipids and lipid-like molecules	Steroids and steroid derivatives	Bile acids, alcohols and derivatives	Steroids	Cholane steroids	Terpenoids
CCMSLIB00003136458	Spectral Match to Taurocholic acid from NIST14	ESI	qTof	Isolated	Data from Joshua Wollam	Data deposited by fevargas	M+Na	538.281	515.292	1	81243	N/A	C[C@H](CCC(=O)NCCS(=O)(=O)O)[C@H]1CC[C@@H]2[C@@]1([C@H](C[C@H]3[C@H]2[C@@H](C[C@H]4[C@@]3(CC[C@H](C4)O)C)O)O)C	InChI=1S/C26H45NO7S/c1-15(4-7-23(31)27-10-11-35(32,33)34)18-5-6-19-24-20(14-22(30)26(18,19)3)25(2)9-8-17(28)12-16(25)13-21(24)29/h15-22,24,28-30H,4-14H2,1-3H3,(H,27,31)(H,32,33,34)/t15-,16+,17-,18-,19+,20+,21-,22+,24+,25+,26-/m1/s1	N/A	3	Positive	UPDATE-SINGLE-ANNOTATED-BRONZE	Bronze	2636	spectra_filtered/specs_ms.mgf	lib-00017.mgf	0.8679459999999999	GNPS-NIST14-MATCHES	54332.0	342.142	0.0	12	0.0	538.281	538.281	1	spectra_filtered/specs_ms.mgf2636	1		101	8031	WBWWGRHZICKQGZ-HZAMXZRMSA-N	WBWWGRHZICKQGZ	Lipids and lipid-like molecules	Steroids and steroid derivatives	Bile acids, alcohols and derivatives	Steroids	Cholane steroids	Terpenoids
CCMSLIB00005465099	"""((4R)-4-((3R,5R,9S,10S,12R,13R,14S,17R)-3,12-dihydroxy-10,13-dimethylhexadecahydro-1H-cyclopenta[a]phenanthren-17-yl)pentanoyl)glycine"""	ESI	qTof	crude	Dorrestein	Emily Gentry	M+H	450.321	449.314	1			[H][C@@]1(CC[C@H]2[C@]3(C)CC[C@@H](O)C2)[C@@H]3C[C@@H](O)[C@@]4(C)[C@H]1CC[C@@H]4[C@@H](CCC(NCC(O)=O)=O)C	"""InChI=1S/C26H43NO5/c1-15(4-9-23(30)27-14-24(31)32)19-7-8-20-18-6-5-16-12-17(28)10-11-25(16,2)21(18)13-22(29)26(19,20)3/h15-22,28-29H,4-14H2,1-3H3,(H,27,30)(H,31,32)/t15-,16-,17-,18+,19-,20+,21+,22-,25+,26-/m1/s1"""	N/A	1	Positive	UPDATE-SINGLE-ANNOTATED-GOLD	Gold	2261	spectra_filtered/specs_ms.mgf	lib-00023.mgf	0.862072	BILELIB19	254194.0	456.82	0.813222	16	0.00036621099999999997	450.321	450.32099999999997	1	spectra_filtered/specs_ms.mgf2261	1		0	0	WVULKSPCQVQLCU-LAMMBKDISA-N	WVULKSPCQVQLCU	Lipids and lipid-like molecules	Steroids and steroid derivatives	Bile acids, alcohols and derivatives	Steroids	Cholane steroids	Terpenoids
CCMSLIB00004691587	Cholic Acid	N/A	ESI-QFT	isolated	MoNA	MoNA:VF-NPL-QEHF000524	[M+NH4]+	426.321	0.0	1	N/A	N/A	N/A	InChI=1S/C24H40O5/c1-13(4-7-21(28)29)16-5-6-17-22-18(12-20(27)24(16,17)3)23(2)9-8-15(25)10-14(23)11-19(22)26/h13-20,22,25-27H,4-12H2,1-3H3,(H,28,29)/t13-,14+,15-,16-,17+,18+,19-,20+,22+,23+,24-/m1/s1	N/A	3	positive	UPDATE-SINGLE-ANNOTATED-BRONZE	Bronze	2012	spectra_filtered/specs_ms.mgf	lib-00003.mgf	0.849791	MONA	274164.0	445.064	0.644252	12	0.000274658	426.321	426.32099999999997	1	spectra_filtered/specs_ms.mgf2012	1		1	3	BHQCQFFYRZLCQQ-OELDTZBJSA-N	BHQCQFFYRZLCQQ	Lipids and lipid-like molecules	Steroids and steroid derivatives	Bile acids, alcohols and derivatives	N/A	N/A	N/A
CCMSLIB00000205182	Massbank:BML01223 Oxitriptan 1	ESI	LC-ESI-QTOF	Isolated	Putative Massbank Match	Massbank	[M+H]+	221.092	0.0	1	4350-09-8	N/A	C1=CC2=C(C=C1O)C(=CN2)C[C@@H](C(=O)O)N	1S/C11H12N2O3/c12-9(11(15)16)3-6-5-13-10-2-1-7(14)4-8(6)10/h1-2,4-5,9,13-14H,3,12H2,(H,15,16)/t9-/m0/s1	N/A	3	Positive	UPDATE-SINGLE-ANNOTATED-BRONZE	Bronze	462	spectra_filtered/specs_ms.mgf	lib-00046.mgf	0.8486229999999999	MASSBANK	51372.0	137.546	0.6211399999999999	6	0.000137329	221.092	221.092	1	spectra_filtered/specs_ms.mgf462	1		0	0	LDCYZAJDBXYCGN-VIFPVBQESA-N	LDCYZAJDBXYCGN	Organoheterocyclic compounds	Indoles and derivatives	Tryptamines and derivatives	Small peptides	Aminoacids	Amino acids and Peptides
CCMSLIB00005773998	Massbank:AU247001 Tris(1-chloro-2-propyl)phosphate|Tris(1-chloro-2-propyl) phosphate|tris(1-chloropropan-2-yl) phosphate	ESI	qTof	Isolated	Massbank	Massbank	M+H	327.008	0.0	1	98112-32-4	N/A	CC(CCl)OP(=O)(OC(C)CCl)OC(C)CCl	1S/C9H18Cl3O4P/c1-7(4-10)14-17(13,15-8(2)5-11)16-9(3)6-12/h7-9H,4-6H2,1-3H3	N/A	3	Positive	UPDATE-SINGLE-ANNOTATED-BRONZE	Bronze	1235	spectra_filtered/specs_ms.mgf	lib-00046.mgf	0.847659	MASSBANK	9222.0	424.01300000000003	0.373295	6	0.00012207	327.008	327.008	1	spectra_filtered/specs_ms.mgf1235	1		0	0	KVMPUXDNESXNOH-UHFFFAOYSA-N	KVMPUXDNESXNOH	Organic acids and derivatives	Organic phosphoric acids and derivatives	Phosphate esters			Fatty acids
CCMSLIB00005773998	Massbank:AU247001 Tris(1-chloro-2-propyl)phosphate|Tris(1-chloro-2-propyl) phosphate|tris(1-chloropropan-2-yl) phosphate	ESI	qTof	Isolated	Massbank	Massbank	M+H	327.008	0.0	1	98112-32-4	N/A	CC(CCl)OP(=O)(OC(C)CCl)OC(C)CCl	1S/C9H18Cl3O4P/c1-7(4-10)14-17(13,15-8(2)5-11)16-9(3)6-12/h7-9H,4-6H2,1-3H3	N/A	3	Positive	UPDATE-SINGLE-ANNOTATED-BRONZE	Bronze	1225	spectra_filtered/specs_ms.mgf	lib-00046.mgf	0.847659	MASSBANK	9222.0	424.01300000000003	0.373295	6	0.00012207	327.008	327.008	1	spectra_filtered/specs_ms.mgf1225	1		0	0	KVMPUXDNESXNOH-UHFFFAOYSA-N	KVMPUXDNESXNOH	Organic acids and derivatives	Organic phosphoric acids and derivatives	Phosphate esters			Fatty acids
CCMSLIB00005465662	"""2-((R)-4-((3R,5S,7S,8R,9S,10S,13R,14S,17R)-3,7-dihydroxy-10,13-dimethylhexadecahydro-1H-cyclopenta[a]phenanthren-17-yl)pentanamido)ethane-1-sulfonic acid"""	ESI	qTof	crude	Dorrestein	Emily Gentry	M+H	500.304	499.297	1			[H][C@@]12[C@@H](O)C[C@]3([H])C[C@H](O)CC[C@]3(C)[C@H]1CC[C@@]4(C)[C@H]2CC[C@@H]4[C@@H](CCC(NCCS(=O)(O)=O)=O)C	"""InChI=1S/C26H45NO6S/c1-16(4-7-23(30)27-12-13-34(31,32)33)19-5-6-20-24-21(9-11-26(19,20)3)25(2)10-8-18(28)14-17(25)15-22(24)29/h16-22,24,28-29H,4-15H2,1-3H3,(H,27,30)(H,31,32,33)/t16-,17+,18-,19-,20+,21+,22+,24+,25+,26-/m1/s1"""	N/A	1	Positive	UPDATE-SINGLE-ANNOTATED-GOLD	Gold	2511	spectra_filtered/specs_ms.mgf	lib-00023.mgf	0.8425790000000001	BILELIB19	49696.0	357.91	0.609981	20	0.000305176	500.304	500.30400000000003	1	spectra_filtered/specs_ms.mgf2511	1		0	0	BHTRKEVKTKCXOH-LBSADWJPSA-N	BHTRKEVKTKCXOH	Lipids and lipid-like molecules	Steroids and steroid derivatives	Bile acids, alcohols and derivatives	Steroids	Cholane steroids	Terpenoids
CCMSLIB00005464693	"""2-((4R)-4-((3R,5R,6R,8S,9S,10R,13R,17R)-3,6-dihydroxy-10,13-dimethylhexadecahydro-1H-cyclopenta[a]phenanthren-17-yl)pentanamido)ethane-1-sulfonic acid"""	ESI	qTof	crude	Dorrestein	Emily Gentry	M-2H2O+H	464.283	499.297	1			C[C@@H]([C@H]1CC[C@]2([H])[C@]1(C)CC[C@@]3([H])[C@@]2([H])C[C@@H](O)[C@@]4([H])[C@]3(C)CC[C@@H](O)C4)CCC(NCCS(=O)(O)=O)=O	"""InChI=1S/C26H45NO6S/c1-16(4-7-24(30)27-12-13-34(31,32)33)19-5-6-20-18-15-23(29)22-14-17(28)8-10-26(22,3)21(18)9-11-25(19,20)2/h16-23,28-29H,4-15H2,1-3H3,(H,27,30)(H,31,32,33)/t16-,17-,18+,19-,20+,21+,22+,23-,25-,26-/m1/s1"""	N/A	1	Positive	UPDATE-SINGLE-ANNOTATED-GOLD	Gold	2330	spectra_filtered/specs_ms.mgf	lib-00023.mgf	0.842483	BILELIB19	69660.0	356.76300000000003	0.788767	15	0.00036621099999999997	464.283	464.283	1	spectra_filtered/specs_ms.mgf2330	1		0	0	HMXPOCDLAFAFNT-CZNXQHJVSA-N	HMXPOCDLAFAFNT	Lipids and lipid-like molecules	Steroids and steroid derivatives	Bile acids, alcohols and derivatives	Steroids	Cholane steroids	Terpenoids
CCMSLIB00005773998	Massbank:AU247001 Tris(1-chloro-2-propyl)phosphate|Tris(1-chloro-2-propyl) phosphate|tris(1-chloropropan-2-yl) phosphate	ESI	qTof	Isolated	Massbank	Massbank	M+H	327.008	0.0	1	98112-32-4	N/A	CC(CCl)OP(=O)(OC(C)CCl)OC(C)CCl	1S/C9H18Cl3O4P/c1-7(4-10)14-17(13,15-8(2)5-11)16-9(3)6-12/h7-9H,4-6H2,1-3H3	N/A	3	Positive	UPDATE-SINGLE-ANNOTATED-BRONZE	Bronze	1230	spectra_filtered/specs_ms.mgf	lib-00046.mgf	0.840794	MASSBANK	7630.0	424.839	0.8399129999999999	6	0.000274658	327.008	327.008	1	spectra_filtered/specs_ms.mgf1230	1		0	0	KVMPUXDNESXNOH-UHFFFAOYSA-N	KVMPUXDNESXNOH	Organic acids and derivatives	Organic phosphoric acids and derivatives	Phosphate esters			Fatty acids
CCMSLIB00005465099	"""((4R)-4-((3R,5R,9S,10S,12R,13R,14S,17R)-3,12-dihydroxy-10,13-dimethylhexadecahydro-1H-cyclopenta[a]phenanthren-17-yl)pentanoyl)glycine"""	ESI	qTof	crude	Dorrestein	Emily Gentry	M+H	450.321	449.314	1			[H][C@@]1(CC[C@H]2[C@]3(C)CC[C@@H](O)C2)[C@@H]3C[C@@H](O)[C@@]4(C)[C@H]1CC[C@@H]4[C@@H](CCC(NCC(O)=O)=O)C	"""InChI=1S/C26H43NO5/c1-15(4-9-23(30)27-14-24(31)32)19-7-8-20-18-6-5-16-12-17(28)10-11-25(16,2)21(18)13-22(29)26(19,20)3/h15-22,28-29H,4-14H2,1-3H3,(H,27,30)(H,31,32)/t15-,16-,17-,18+,19-,20+,21+,22-,25+,26-/m1/s1"""	N/A	1	Positive	UPDATE-SINGLE-ANNOTATED-GOLD	Gold	2260	spectra_filtered/specs_ms.mgf	lib-00023.mgf	0.837299	BILELIB19	662380.0	456.769	0.813222	14	0.00036621099999999997	450.321	450.32099999999997	1	spectra_filtered/specs_ms.mgf2260	1		0	0	WVULKSPCQVQLCU-LAMMBKDISA-N	WVULKSPCQVQLCU	Lipids and lipid-like molecules	Steroids and steroid derivatives	Bile acids, alcohols and derivatives	Steroids	Cholane steroids	Terpenoids
CCMSLIB00005738164	Massbank:RP008203 Glycohyodeoxycholic acid|SCHEMBL1654508|2-[4-(3,6-dihydroxy-10,13-dimethyl-2,3,4,5,6,7,8,9,11,12,14,15,16,17-tetradecahydro-1H-cyclopenta[a]phenanthren-17-yl)pentanoylamino]acetic acid	ESI	qTof	Isolated	Massbank	Massbank	M+H	450.321	0.0	1	13042-33-6	N/A	CC(CCC(=O)NCC(=O)O)C1CCC2C1(CCC3C2CC(C4C3(CCC(C4)O)C)O)C	1S/C26H43NO5/c1-15(4-7-23(30)27-14-24(31)32)18-5-6-19-17-13-22(29)21-12-16(28)8-10-26(21,3)20(17)9-11-25(18,19)2/h15-22,28-29H,4-14H2,1-3H3,(H,27,30)(H,31,32)	N/A	3	Positive	UPDATE-SINGLE-ANNOTATED-BRONZE	Bronze	2251	spectra_filtered/specs_ms.mgf	lib-00046.mgf	0.8351350000000001	MASSBANK	80114.0	385.871	1.0843	13	0.00048828099999999997	450.321	450.32199999999995	1	spectra_filtered/specs_ms.mgf2251	1		0	0	SPOIYSFQOFYOFZ-UHFFFAOYSA-N	SPOIYSFQOFYOFZ	Lipids and lipid-like molecules	Steroids and steroid derivatives	Bile acids, alcohols and derivatives	Steroids	Cholane steroids	Terpenoids
CCMSLIB00005738164	Massbank:RP008203 Glycohyodeoxycholic acid|SCHEMBL1654508|2-[4-(3,6-dihydroxy-10,13-dimethyl-2,3,4,5,6,7,8,9,11,12,14,15,16,17-tetradecahydro-1H-cyclopenta[a]phenanthren-17-yl)pentanoylamino]acetic acid	ESI	qTof	Isolated	Massbank	Massbank	M+H	450.321	0.0	1	13042-33-6	N/A	CC(CCC(=O)NCC(=O)O)C1CCC2C1(CCC3C2CC(C4C3(CCC(C4)O)C)O)C	1S/C26H43NO5/c1-15(4-7-23(30)27-14-24(31)32)18-5-6-19-17-13-22(29)21-12-16(28)8-10-26(21,3)20(17)9-11-25(18,19)2/h15-22,28-29H,4-14H2,1-3H3,(H,27,30)(H,31,32)	N/A	3	Positive	UPDATE-SINGLE-ANNOTATED-BRONZE	Bronze	2256	spectra_filtered/specs_ms.mgf	lib-00046.mgf	0.8351350000000001	MASSBANK	80114.0	385.871	1.0843	13	0.00048828099999999997	450.321	450.32199999999995	1	spectra_filtered/specs_ms.mgf2256	1		0	0	SPOIYSFQOFYOFZ-UHFFFAOYSA-N	SPOIYSFQOFYOFZ	Lipids and lipid-like molecules	Steroids and steroid derivatives	Bile acids, alcohols and derivatives	Steroids	Cholane steroids	Terpenoids
CCMSLIB00003136458	Spectral Match to Taurocholic acid from NIST14	ESI	qTof	Isolated	Data from Joshua Wollam	Data deposited by fevargas	M+Na	538.281	515.292	1	81243	N/A	C[C@H](CCC(=O)NCCS(=O)(=O)O)[C@H]1CC[C@@H]2[C@@]1([C@H](C[C@H]3[C@H]2[C@@H](C[C@H]4[C@@]3(CC[C@H](C4)O)C)O)O)C	InChI=1S/C26H45NO7S/c1-15(4-7-23(31)27-10-11-35(32,33)34)18-5-6-19-24-20(14-22(30)26(18,19)3)25(2)9-8-17(28)12-16(25)13-21(24)29/h15-22,24,28-30H,4-14H2,1-3H3,(H,27,31)(H,32,33,34)/t15-,16+,17-,18-,19+,20+,21-,22+,24+,25+,26-/m1/s1	N/A	3	Positive	UPDATE-SINGLE-ANNOTATED-BRONZE	Bronze	2635	spectra_filtered/specs_ms.mgf	lib-00017.mgf	0.8333940000000001	GNPS-NIST14-MATCHES	60824.0	342.088	0.0	10	0.0	538.281	538.281	1	spectra_filtered/specs_ms.mgf2635	1		101	8031	WBWWGRHZICKQGZ-HZAMXZRMSA-N	WBWWGRHZICKQGZ	Lipids and lipid-like molecules	Steroids and steroid derivatives	Bile acids, alcohols and derivatives	Steroids	Cholane steroids	Terpenoids
CCMSLIB00005465099	"""((4R)-4-((3R,5R,9S,10S,12R,13R,14S,17R)-3,12-dihydroxy-10,13-dimethylhexadecahydro-1H-cyclopenta[a]phenanthren-17-yl)pentanoyl)glycine"""	ESI	qTof	crude	Dorrestein	Emily Gentry	M+H	450.321	449.314	1			[H][C@@]1(CC[C@H]2[C@]3(C)CC[C@@H](O)C2)[C@@H]3C[C@@H](O)[C@@]4(C)[C@H]1CC[C@@H]4[C@@H](CCC(NCC(O)=O)=O)C	"""InChI=1S/C26H43NO5/c1-15(4-9-23(30)27-14-24(31)32)19-7-8-20-18-6-5-16-12-17(28)10-11-25(16,2)21(18)13-22(29)26(19,20)3/h15-22,28-29H,4-14H2,1-3H3,(H,27,30)(H,31,32)/t15-,16-,17-,18+,19-,20+,21+,22-,25+,26-/m1/s1"""	N/A	1	Positive	UPDATE-SINGLE-ANNOTATED-GOLD	Gold	2255	spectra_filtered/specs_ms.mgf	lib-00023.mgf	0.826159	BILELIB19	171676.0	385.81699999999995	1.0843	14	0.00048828099999999997	450.321	450.32199999999995	1	spectra_filtered/specs_ms.mgf2255	1		0	0	WVULKSPCQVQLCU-LAMMBKDISA-N	WVULKSPCQVQLCU	Lipids and lipid-like molecules	Steroids and steroid derivatives	Bile acids, alcohols and derivatives	Steroids	Cholane steroids	Terpenoids
CCMSLIB00005465099	"""((4R)-4-((3R,5R,9S,10S,12R,13R,14S,17R)-3,12-dihydroxy-10,13-dimethylhexadecahydro-1H-cyclopenta[a]phenanthren-17-yl)pentanoyl)glycine"""	ESI	qTof	crude	Dorrestein	Emily Gentry	M+H	450.321	449.314	1			[H][C@@]1(CC[C@H]2[C@]3(C)CC[C@@H](O)C2)[C@@H]3C[C@@H](O)[C@@]4(C)[C@H]1CC[C@@H]4[C@@H](CCC(NCC(O)=O)=O)C	"""InChI=1S/C26H43NO5/c1-15(4-9-23(30)27-14-24(31)32)19-7-8-20-18-6-5-16-12-17(28)10-11-25(16,2)21(18)13-22(29)26(19,20)3/h15-22,28-29H,4-14H2,1-3H3,(H,27,30)(H,31,32)/t15-,16-,17-,18+,19-,20+,21+,22-,25+,26-/m1/s1"""	N/A	1	Positive	UPDATE-SINGLE-ANNOTATED-GOLD	Gold	2250	spectra_filtered/specs_ms.mgf	lib-00023.mgf	0.826159	BILELIB19	171676.0	385.81699999999995	1.0843	14	0.00048828099999999997	450.321	450.32199999999995	1	spectra_filtered/specs_ms.mgf2250	1		0	0	WVULKSPCQVQLCU-LAMMBKDISA-N	WVULKSPCQVQLCU	Lipids and lipid-like molecules	Steroids and steroid derivatives	Bile acids, alcohols and derivatives	Steroids	Cholane steroids	Terpenoids
CCMSLIB00000205182	Massbank:BML01223 Oxitriptan 1	ESI	LC-ESI-QTOF	Isolated	Putative Massbank Match	Massbank	[M+H]+	221.092	0.0	1	4350-09-8	N/A	C1=CC2=C(C=C1O)C(=CN2)C[C@@H](C(=O)O)N	1S/C11H12N2O3/c12-9(11(15)16)3-6-5-13-10-2-1-7(14)4-8(6)10/h1-2,4-5,9,13-14H,3,12H2,(H,15,16)/t9-/m0/s1	N/A	3	Positive	UPDATE-SINGLE-ANNOTATED-BRONZE	Bronze	463	spectra_filtered/specs_ms.mgf	lib-00046.mgf	0.824032	MASSBANK	26896.0	137.63	0.6211399999999999	6	0.000137329	221.092	221.092	1	spectra_filtered/specs_ms.mgf463	1		0	0	LDCYZAJDBXYCGN-VIFPVBQESA-N	LDCYZAJDBXYCGN	Organoheterocyclic compounds	Indoles and derivatives	Tryptamines and derivatives	Small peptides	Aminoacids	Amino acids and Peptides
CCMSLIB00005465541	"""2-((4R)-4-((3R,5R,6S,9S,10R,13R,14S,17R)-3,6-dihydroxy-10,13-dimethylhexadecahydro-1H-cyclopenta[a]phenanthren-17-yl)pentanamido)ethane-1-sulfonic acid"""	ESI	qTof	crude	Dorrestein	Emily Gentry	M-2H2O+H	464.283	499.297	1			[H][C@@]12C[C@H](O)[C@]3([H])C[C@H](O)CC[C@]3(C)[C@H]1CC[C@@]4(C)[C@H]2CC[C@@H]4[C@@H](CCC(NCCS(=O)(O)=O)=O)C	"""InChI=1S/C26H45NO6S/c1-16(4-7-24(30)27-12-13-34(31,32)33)19-5-6-20-18-15-23(29)22-14-17(28)8-10-26(22,3)21(18)9-11-25(19,20)2/h16-23,28-29H,4-15H2,1-3H3,(H,27,30)(H,31,32,33)/t16-,17-,18+,19-,20+,21+,22+,23+,25-,26-/m1/s1"""	N/A	1	Positive	UPDATE-SINGLE-ANNOTATED-GOLD	Gold	2329	spectra_filtered/specs_ms.mgf	lib-00023.mgf	0.7923899999999999	BILELIB19	58934.0	356.712	0.788767	14	0.00036621099999999997	464.283	464.283	1	spectra_filtered/specs_ms.mgf2329	1		0	0	HMXPOCDLAFAFNT-BHYUGXBJSA-N	HMXPOCDLAFAFNT	Lipids and lipid-like molecules	Steroids and steroid derivatives	Bile acids, alcohols and derivatives	Steroids	Cholane steroids	Terpenoids
CCMSLIB00000085201	MLS002153285-01!Palmitoyl-DL-carnitine chloride	LC-ESI	qTof	NIH Pharmacologically Active Library	Dorrestein	VP/LMS	M+H	400.344	400.343	1	N/A	N/A	CCCCCCCCCCCCCCCC(=O)OC(CC(=O)O)C[N+](C)(C)C.[Cl-]	N/A	N/A	1	Positive	UPDATE-SINGLE-ANNOTATED-GOLD	Gold	1832	spectra_filtered/specs_ms.mgf	lib-00022.mgf	0.787225	GNPS-NIH-SMALLMOLECULEPHARMACOLOGICALLYACTIVE	61698.0	489.408	2.59177	11	0.0010375999999999999	400.344	400.345	1	spectra_filtered/specs_ms.mgf1832	1		4	23	GAMKNLFIHBMGQT-UHFFFAOYSA-N	GAMKNLFIHBMGQT	Lipids and lipid-like molecules	Fatty Acyls	Fatty acid esters	N/A	N/A	N/A
CCMSLIB00000085201	MLS002153285-01!Palmitoyl-DL-carnitine chloride	LC-ESI	qTof	NIH Pharmacologically Active Library	Dorrestein	VP/LMS	M+H	400.344	400.343	1	N/A	N/A	CCCCCCCCCCCCCCCC(=O)OC(CC(=O)O)C[N+](C)(C)C.[Cl-]	N/A	N/A	1	Positive	UPDATE-SINGLE-ANNOTATED-GOLD	Gold	1837	spectra_filtered/specs_ms.mgf	lib-00022.mgf	0.787225	GNPS-NIH-SMALLMOLECULEPHARMACOLOGICALLYACTIVE	61698.0	489.408	2.59177	11	0.0010375999999999999	400.344	400.345	1	spectra_filtered/specs_ms.mgf1837	1		4	23	GAMKNLFIHBMGQT-UHFFFAOYSA-N	GAMKNLFIHBMGQT	Lipids and lipid-like molecules	Fatty Acyls	Fatty acid esters	N/A	N/A	N/A
CCMSLIB00005465601	"""2-((4R)-4-((5S,9S,10S,12S,13R,14S,17R)-12-hydroxy-10,13-dimethylhexadecahydro-1H-cyclopenta[a]phenanthren-17-yl)pentanamido)ethane-1-sulfonic acid"""	ESI	qTof	crude	Dorrestein	Emily Gentry	M+Na	506.291	483.302	1			[H][C@@]12CC[C@]3([H])CCCC[C@]3(C)[C@H]1C[C@H](O)[C@@]4(C)[C@H]2CC[C@@H]4[C@@H](CCC(NCCS(=O)(O)=O)=O)C	"""InChI=1S/C26H45NO5S/c1-17(7-12-24(29)27-14-15-33(30,31)32)20-10-11-21-19-9-8-18-6-4-5-13-25(18,2)22(19)16-23(28)26(20,21)3/h17-23,28H,4-16H2,1-3H3,(H,27,29)(H,30,31,32)/t17-,18+,19+,20-,21+,22+,23+,25+,26-/m1/s1"""	N/A	1	Positive	UPDATE-SINGLE-ANNOTATED-GOLD	Gold	2531	spectra_filtered/specs_ms.mgf	lib-00023.mgf	0.78147	BILELIB19	28340.0	481.251	0.060276800000000005	8	3.05176e-05	506.291	506.291	1	spectra_filtered/specs_ms.mgf2531	1		0	0	JTTGPCRBDUOCGG-DCYUTMKDSA-N	JTTGPCRBDUOCGG	N/A	N/A	N/A	Steroids	Cholane steroids	Terpenoids
CCMSLIB00005465593	"""2-((4R)-4-((3R,5S,7R,9S,10S,13R,14S,17R)-3,7-dihydroxy-10,13-dimethylhexadecahydro-1H-cyclopenta[a]phenanthren-17-yl)pentanamido)ethane-1-sulfonic acid"""	ESI	qTof	crude	Dorrestein	Emily Gentry	M-H2O+H	482.293	499.297	1			[H][C@@]12[C@H](O)C[C@]3([H])C[C@H](O)CC[C@]3(C)[C@H]1CC[C@@]4(C)[C@H]2CC[C@@H]4[C@@H](CCC(NCCS(=O)(O)=O)=O)C	"""InChI=1S/C26H45NO6S/c1-16(4-7-23(30)27-12-13-34(31,32)33)19-5-6-20-24-21(9-11-26(19,20)3)25(2)10-8-18(28)14-17(25)15-22(24)29/h16-22,24,28-29H,4-15H2,1-3H3,(H,27,30)(H,31,32,33)/t16-,17+,18-,19-,20+,21+,22-,24+,25+,26-/m1/s1"""	N/A	1	Positive	UPDATE-SINGLE-ANNOTATED-GOLD	Gold	2425	spectra_filtered/specs_ms.mgf	lib-00023.mgf	0.777459	BILELIB19	51534.0	356.19199999999995	0.379656	16	0.000183105	482.293	482.293	1	spectra_filtered/specs_ms.mgf2425	1		0	0	BHTRKEVKTKCXOH-BJLOMENOSA-N	BHTRKEVKTKCXOH	Lipids and lipid-like molecules	Steroids and steroid derivatives	Bile acids, alcohols and derivatives	Steroids	Cholane steroids	Terpenoids
CCMSLIB00005465596	"""2-((4R)-4-((3R,5S,7R,9S,10S,13R,14S,17R)-3,7-dihydroxy-10,13-dimethylhexadecahydro-1H-cyclopenta[a]phenanthren-17-yl)pentanamido)ethane-1-sulfonic acid"""	ESI	qTof	crude	Dorrestein	Emily Gentry	M-2H2O+H	464.283	499.297	1			[H][C@@]12[C@H](O)C[C@]3([H])C[C@H](O)CC[C@]3(C)[C@H]1CC[C@@]4(C)[C@H]2CC[C@@H]4[C@@H](CCC(NCCS(=O)(O)=O)=O)C	"""InChI=1S/C26H45NO6S/c1-16(4-7-23(30)27-12-13-34(31,32)33)19-5-6-20-24-21(9-11-26(19,20)3)25(2)10-8-18(28)14-17(25)15-22(24)29/h16-22,24,28-29H,4-15H2,1-3H3,(H,27,30)(H,31,32,33)/t16-,17+,18-,19-,20+,21+,22-,24+,25+,26-/m1/s1"""	N/A	1	Positive	UPDATE-SINGLE-ANNOTATED-GOLD	Gold	2331	spectra_filtered/specs_ms.mgf	lib-00023.mgf	0.776055	BILELIB19	26940.0	356.81300000000005	0.788767	12	0.00036621099999999997	464.283	464.283	1	spectra_filtered/specs_ms.mgf2331	1		0	0	BHTRKEVKTKCXOH-BJLOMENOSA-N	BHTRKEVKTKCXOH	Lipids and lipid-like molecules	Steroids and steroid derivatives	Bile acids, alcohols and derivatives	Steroids	Cholane steroids	Terpenoids
CCMSLIB00010076714	PC(0:0/18:0); [M+H]+ C26H55N1O7P1	LC-ESI	HCD; Velos	Commercial	Thomas Metz	Thomas Metz	M+H	524.372	0.0	1	N/A	N/A	N/A	N/A	N/A	1	Positive	UPDATE-SINGLE-ANNOTATED-GOLD	Gold	2605	spectra_filtered/specs_ms.mgf	lib-00016.mgf	0.768197	PNNL-LIPIDS-POSITIVE	212822.0	589.293	0.5819840000000001	6	0.000305176	524.372	524.371	1	spectra_filtered/specs_ms.mgf2605	1		184	16422	N/A	N/A	N/A	N/A	N/A	N/A	N/A	N/A
CCMSLIB00010076714	PC(0:0/18:0); [M+H]+ C26H55N1O7P1	LC-ESI	HCD; Velos	Commercial	Thomas Metz	Thomas Metz	M+H	524.372	0.0	1	N/A	N/A	N/A	N/A	N/A	1	Positive	UPDATE-SINGLE-ANNOTATED-GOLD	Gold	2600	spectra_filtered/specs_ms.mgf	lib-00016.mgf	0.768197	PNNL-LIPIDS-POSITIVE	212822.0	589.293	0.5819840000000001	6	0.000305176	524.372	524.371	1	spectra_filtered/specs_ms.mgf2600	1		184	16422	N/A	N/A	N/A	N/A	N/A	N/A	N/A	N/A
CCMSLIB00010076714	PC(0:0/18:0); [M+H]+ C26H55N1O7P1	LC-ESI	HCD; Velos	Commercial	Thomas Metz	Thomas Metz	M+H	524.372	0.0	1	N/A	N/A	N/A	N/A	N/A	1	Positive	UPDATE-SINGLE-ANNOTATED-GOLD	Gold	2606	spectra_filtered/specs_ms.mgf	lib-00016.mgf	0.766219	PNNL-LIPIDS-POSITIVE	172566.0	589.347	0.5819840000000001	6	0.000305176	524.372	524.371	1	spectra_filtered/specs_ms.mgf2606	1		184	16422	N/A	N/A	N/A	N/A	N/A	N/A	N/A	N/A
CCMSLIB00010076714	PC(0:0/18:0); [M+H]+ C26H55N1O7P1	LC-ESI	HCD; Velos	Commercial	Thomas Metz	Thomas Metz	M+H	524.372	0.0	1	N/A	N/A	N/A	N/A	N/A	1	Positive	UPDATE-SINGLE-ANNOTATED-GOLD	Gold	2601	spectra_filtered/specs_ms.mgf	lib-00016.mgf	0.766219	PNNL-LIPIDS-POSITIVE	172566.0	589.347	0.5819840000000001	6	0.000305176	524.372	524.371	1	spectra_filtered/specs_ms.mgf2601	1		184	16422	N/A	N/A	N/A	N/A	N/A	N/A	N/A	N/A
CCMSLIB00006680127	TAUROCHOLIC ACID	ESI	Orbitrap	isolated	MoNA	MoNA:MoNA038726	M+NH4	533.326	0.0	1	N/A	N/A	C[C@H](CC/C(=N/CCS(=O)(=O)O)/O)[C@H]1CC[C@H]2[C@H]3[C@H](C[C@@H]([C@]12C)O)[C@@]4(C)CC[C@H](C[C@H]4C[C@H]3O)O	"""InChI=1S/C26H45NO7S/c1-15(4-7-23(31)27-10-11-35(32,33)34)18-5-6-19-24-20(14-22(30)26(18,19)3)25(2)9-8-17(28)12-16(25)13-21(24)29/h15-22,24,28-30H,4-14H2,1-3H3,(H,27,31)(H,32,33,34)/t15-,16+,17-,18-,19+,20+,21-,22+,24+,25+,26-/m1/s1"""	N/A	3	positive	UPDATE-SINGLE-ANNOTATED-BRONZE	Bronze	2625	spectra_filtered/specs_ms.mgf	lib-00003.mgf	0.749865	MONA	181396.0	341.26599999999996	0.22888499999999998	14	0.00012207	533.326	533.326	1	spectra_filtered/specs_ms.mgf2625	1		0	0	WBWWGRHZICKQGZ-HZAMXZRMSA-N	WBWWGRHZICKQGZ	Lipids and lipid-like molecules	Steroids and steroid derivatives	Bile acids, alcohols and derivatives	Steroids	Cholane steroids|Cholestane steroids	Terpenoids
CCMSLIB00003137151	Spectral Match to Cholic acid from NIST14	ESI	QQQ	Isolated	Data from Joshua Wollam	Data deposited by fevargas	M+NH4	426.321	408.288	1	81254	N/A	C[C@H](CCC(=O)O)[C@H]1CC[C@@H]2[C@@]1([C@H](C[C@H]3[C@H]2[C@@H](C[C@H]4[C@@]3(CC[C@H](C4)O)C)O)O)C	InChI=1S/C24H40O5/c1-13(4-7-21(28)29)16-5-6-17-22-18(12-20(27)24(16,17)3)23(2)9-8-15(25)10-14(23)11-19(22)26/h13-20,22,25-27H,4-12H2,1-3H3,(H,28,29)/t13-,14+,15-,16-,17+,18+,19-,20+,22+,23+,24-/m1/s1	N/A	3	Positive	UPDATE-SINGLE-ANNOTATED-BRONZE	Bronze	2009	spectra_filtered/specs_ms.mgf	lib-00017.mgf	0.7395149999999999	GNPS-NIST14-MATCHES	530928.0	445.73800000000006	0.429501	6	0.000183105	426.321	426.32099999999997	1	spectra_filtered/specs_ms.mgf2009	1		172	16159	BHQCQFFYRZLCQQ-OELDTZBJSA-N	BHQCQFFYRZLCQQ	Lipids and lipid-like molecules	Steroids and steroid derivatives	Bile acids, alcohols and derivatives	Steroids	Cholane steroids	Terpenoids
CCMSLIB00005465658	"""2-((4R)-4-((3R,5R,6S,7R,9S,10R,13R,14S,17R)-3,6,7-trihydroxy-10,13-dimethylhexadecahydro-1H-cyclopenta[a]phenanthren-17-yl)pentanamido)ethane-1-sulfonic acid"""	ESI	qTof	crude	Dorrestein	Emily Gentry	M-H2O+H	498.288	515.292	1			[H][C@@]12[C@@H](O)[C@@H](O)[C@]3([H])C[C@H](O)CC[C@]3(C)[C@H]1CC[C@@]4(C)[C@H]2CC[C@@H]4[C@@H](CCC(NCCS(=O)(O)=O)=O)C	"""InChI=1S/C26H45NO7S/c1-15(4-7-21(29)27-12-13-35(32,33)34)17-5-6-18-22-19(9-11-25(17,18)2)26(3)10-8-16(28)14-20(26)23(30)24(22)31/h15-20,22-24,28,30-31H,4-14H2,1-3H3,(H,27,29)(H,32,33,34)/t15-,16-,17-,18+,19+,20+,22+,23+,24-,25-,26-/m1/s1"""	N/A	1	Positive	UPDATE-SINGLE-ANNOTATED-GOLD	Gold	2505	spectra_filtered/specs_ms.mgf	lib-00023.mgf	0.733941	BILELIB19	10020.0	343.43199999999996	1.53112	14	0.0007629389999999999	498.288	498.289	1	spectra_filtered/specs_ms.mgf2505	1		0	0	XSOLDPYUICCHJX-UZUDEGBHSA-N	XSOLDPYUICCHJX	Lipids and lipid-like molecules	Steroids and steroid derivatives	Bile acids, alcohols and derivatives	Steroids	Cholane steroids	Terpenoids
CCMSLIB00003138468	Spectral Match to Chenodeoxycholic acid from NIST14	ESI	QQQ	Isolated	Data from Joshua Wollam	Data deposited by fevargas	M+H-2H2O	357.279	392.293	1	474259	N/A	C[C@H](CCC(=O)O)[C@H]1CC[C@@H]2[C@@]1(CC[C@H]3[C@H]2[C@@H](C[C@H]4[C@@]3(CC[C@H](C4)O)C)O)C	InChI=1S/C24H40O4/c1-14(4-7-21(27)28)17-5-6-18-22-19(9-11-24(17,18)3)23(2)10-8-16(25)12-15(23)13-20(22)26/h14-20,22,25-26H,4-13H2,1-3H3,(H,27,28)/t14-,15+,16-,17-,18+,19+,20-,22+,23+,24-/m1/s1	N/A	3	Positive	UPDATE-SINGLE-ANNOTATED-BRONZE	Bronze	1461	spectra_filtered/specs_ms.mgf	lib-00017.mgf	0.718322	GNPS-NIST14-MATCHES	9340.0	437.223	0.597917	10	0.000213623	357.279	357.279	1	spectra_filtered/specs_ms.mgf1461	1		48	4388	RUDATBOHQWOJDD-BSWAIDMHSA-N	RUDATBOHQWOJDD	Lipids and lipid-like molecules	Steroids and steroid derivatives	Bile acids, alcohols and derivatives	Steroids	Cholane steroids	Terpenoids
CCMSLIB00003138468	Spectral Match to Chenodeoxycholic acid from NIST14	ESI	QQQ	Isolated	Data from Joshua Wollam	Data deposited by fevargas	M+H-2H2O	357.279	392.293	1	474259	N/A	C[C@H](CCC(=O)O)[C@H]1CC[C@@H]2[C@@]1(CC[C@H]3[C@H]2[C@@H](C[C@H]4[C@@]3(CC[C@H](C4)O)C)O)C	InChI=1S/C24H40O4/c1-14(4-7-21(27)28)17-5-6-18-22-19(9-11-24(17,18)3)23(2)10-8-16(25)12-15(23)13-20(22)26/h14-20,22,25-26H,4-13H2,1-3H3,(H,27,28)/t14-,15+,16-,17-,18+,19+,20-,22+,23+,24-/m1/s1	N/A	3	Positive	UPDATE-SINGLE-ANNOTATED-BRONZE	Bronze	1471	spectra_filtered/specs_ms.mgf	lib-00017.mgf	0.718322	GNPS-NIST14-MATCHES	9340.0	437.223	0.597917	10	0.000213623	357.279	357.279	1	spectra_filtered/specs_ms.mgf1471	1		48	4388	RUDATBOHQWOJDD-BSWAIDMHSA-N	RUDATBOHQWOJDD	Lipids and lipid-like molecules	Steroids and steroid derivatives	Bile acids, alcohols and derivatives	Steroids	Cholane steroids	Terpenoids
CCMSLIB00003136458	Spectral Match to Taurocholic acid from NIST14	ESI	qTof	Isolated	Data from Joshua Wollam	Data deposited by fevargas	M+Na	538.281	515.292	1	81243	N/A	C[C@H](CCC(=O)NCCS(=O)(=O)O)[C@H]1CC[C@@H]2[C@@]1([C@H](C[C@H]3[C@H]2[C@@H](C[C@H]4[C@@]3(CC[C@H](C4)O)C)O)O)C	InChI=1S/C26H45NO7S/c1-15(4-7-23(31)27-10-11-35(32,33)34)18-5-6-19-24-20(14-22(30)26(18,19)3)25(2)9-8-17(28)12-16(25)13-21(24)29/h15-22,24,28-30H,4-14H2,1-3H3,(H,27,31)(H,32,33,34)/t15-,16+,17-,18-,19+,20+,21-,22+,24+,25+,26-/m1/s1	N/A	3	Positive	UPDATE-SINGLE-ANNOTATED-BRONZE	Bronze	2637	spectra_filtered/specs_ms.mgf	lib-00017.mgf	0.713454	GNPS-NIST14-MATCHES	8396.0	342.19599999999997	0.0	8	0.0	538.281	538.281	1	spectra_filtered/specs_ms.mgf2637	1		101	8031	WBWWGRHZICKQGZ-HZAMXZRMSA-N	WBWWGRHZICKQGZ	Lipids and lipid-like molecules	Steroids and steroid derivatives	Bile acids, alcohols and derivatives	Steroids	Cholane steroids	Terpenoids
CCMSLIB00010108683	Arachidic acid CollisionEnergy:102040	LC-ESI	Orbitrap	Commercial	Trent Northen	JGI	M-H+2Na	357.274	0.0	1	N/A	N/A	CCCCCCCCCCCCCCCCCCCC(=O)O	"""InChI=1S/C20H40O2/c1-2-3-4-5-6-7-8-9-10-11-12-13-14-15-16-17-18-19-20(21)22/h2-19H2,1H3,(H,21,22)"""	N/A	3	Positive	UPDATE-SINGLE-ANNOTATED-BRONZE	Bronze	1465	spectra_filtered/specs_ms.mgf	lib-00011.mgf	0.713112	BERKELEY-LAB	50722.0	508.01099999999997	12.3856	11	0.00442505	357.274	357.278	1	spectra_filtered/specs_ms.mgf1465	1		0	0	VKOBVWXKNCXXDE-UHFFFAOYSA-N	VKOBVWXKNCXXDE	Lipids and lipid-like molecules	Fatty Acyls	Fatty acids and conjugates	Fatty Acids and Conjugates	Unsaturated fatty acids	Fatty acids
CCMSLIB00010108683	Arachidic acid CollisionEnergy:102040	LC-ESI	Orbitrap	Commercial	Trent Northen	JGI	M-H+2Na	357.274	0.0	1	N/A	N/A	CCCCCCCCCCCCCCCCCCCC(=O)O	"""InChI=1S/C20H40O2/c1-2-3-4-5-6-7-8-9-10-11-12-13-14-15-16-17-18-19-20(21)22/h2-19H2,1H3,(H,21,22)"""	N/A	3	Positive	UPDATE-SINGLE-ANNOTATED-BRONZE	Bronze	1475	spectra_filtered/specs_ms.mgf	lib-00011.mgf	0.713112	BERKELEY-LAB	50722.0	508.01099999999997	12.3856	11	0.00442505	357.274	357.278	1	spectra_filtered/specs_ms.mgf1475	1		0	0	VKOBVWXKNCXXDE-UHFFFAOYSA-N	VKOBVWXKNCXXDE	Lipids and lipid-like molecules	Fatty Acyls	Fatty acids and conjugates	Fatty Acids and Conjugates	Unsaturated fatty acids	Fatty acids
CCMSLIB00005768662	Massbank:NA002995 [6]-Gingerol|5-hydroxy-1-(4-hydroxy-3-methoxyphenyl)decan-3-one	ESI	Hybrid FT	Isolated	Massbank	Massbank	M+H	295.19	0.0	1	1391-73-7	N/A	CCCCCC(O)CC(=O)CCC1=CC(OC)=C(O)C=C1	1S/C17H26O4/c1-3-4-5-6-14(18)12-15(19)9-7-13-8-10-16(20)17(11-13)21-2/h8,10-11,14,18,20H,3-7,9,12H2,1-2H3	N/A	3	Positive	UPDATE-SINGLE-ANNOTATED-BRONZE	Bronze	1040	spectra_filtered/specs_ms.mgf	lib-00046.mgf	0.7129489999999999	MASSBANK	4532.0	450.906	0.10338299999999999	6	3.05176e-05	295.19	295.19	1	spectra_filtered/specs_ms.mgf1040	1		0	0	NLDDIKRKFXEWBK-UHFFFAOYSA-N	NLDDIKRKFXEWBK	Benzenoids	Phenols	Methoxyphenols			
CCMSLIB00005768662	Massbank:NA002995 [6]-Gingerol|5-hydroxy-1-(4-hydroxy-3-methoxyphenyl)decan-3-one	ESI	Hybrid FT	Isolated	Massbank	Massbank	M+H	295.19	0.0	1	1391-73-7	N/A	CCCCCC(O)CC(=O)CCC1=CC(OC)=C(O)C=C1	1S/C17H26O4/c1-3-4-5-6-14(18)12-15(19)9-7-13-8-10-16(20)17(11-13)21-2/h8,10-11,14,18,20H,3-7,9,12H2,1-2H3	N/A	3	Positive	UPDATE-SINGLE-ANNOTATED-BRONZE	Bronze	1045	spectra_filtered/specs_ms.mgf	lib-00046.mgf	0.7129489999999999	MASSBANK	4532.0	450.906	0.10338299999999999	6	3.05176e-05	295.19	295.19	1	spectra_filtered/specs_ms.mgf1045	1		0	0	NLDDIKRKFXEWBK-UHFFFAOYSA-N	NLDDIKRKFXEWBK	Benzenoids	Phenols	Methoxyphenols			
CCMSLIB00005465663	"""2-((R)-4-((3R,5S,7S,8R,9S,10S,13R,14S,17R)-3,7-dihydroxy-10,13-dimethylhexadecahydro-1H-cyclopenta[a]phenanthren-17-yl)pentanamido)ethane-1-sulfonic acid"""	ESI	qTof	crude	Dorrestein	Emily Gentry	M-H2O+H	482.293	499.297	1			[H][C@@]12[C@@H](O)C[C@]3([H])C[C@H](O)CC[C@]3(C)[C@H]1CC[C@@]4(C)[C@H]2CC[C@@H]4[C@@H](CCC(NCCS(=O)(O)=O)=O)C	"""InChI=1S/C26H45NO6S/c1-16(4-7-23(30)27-12-13-34(31,32)33)19-5-6-20-24-21(9-11-26(19,20)3)25(2)10-8-18(28)14-17(25)15-22(24)29/h16-22,24,28-29H,4-15H2,1-3H3,(H,27,30)(H,31,32,33)/t16-,17+,18-,19-,20+,21+,22+,24+,25+,26-/m1/s1"""	N/A	1	Positive	UPDATE-SINGLE-ANNOTATED-GOLD	Gold	2426	spectra_filtered/specs_ms.mgf	lib-00023.mgf	0.706357	BILELIB19	25380.0	356.246	0.379656	11	0.000183105	482.293	482.293	1	spectra_filtered/specs_ms.mgf2426	1		0	0	BHTRKEVKTKCXOH-LBSADWJPSA-N	BHTRKEVKTKCXOH	Lipids and lipid-like molecules	Steroids and steroid derivatives	Bile acids, alcohols and derivatives	Steroids	Cholane steroids	Terpenoids
CCMSLIB00005465688	"""(R)-4-((3S,5S,7R,8R,9S,10S,13R,14S,17R)-3,7-dihydroxy-10,13-dimethylhexadecahydro-1H-cyclopenta[a]phenanthren-17-yl)pentanoic acid"""	ESI	qTof	crude	Dorrestein	Emily Gentry	M-2H2O+H	357.279	392.293	1			[H][C@@]12[C@H](O)C[C@]3([H])C[C@@H](O)CC[C@]3(C)[C@H]1CC[C@@]4(C)[C@H]2CC[C@@H]4[C@@H](CCC(O)=O)C	"""InChI=1S/C24H40O4/c1-14(4-7-21(27)28)17-5-6-18-22-19(9-11-24(17,18)3)23(2)10-8-16(25)12-15(23)13-20(22)26/h14-20,22,25-26H,4-13H2,1-3H3,(H,27,28)/t14-,15+,16+,17-,18+,19+,20-,22+,23+,24-/m1/s1"""	N/A	1	Positive	UPDATE-SINGLE-ANNOTATED-GOLD	Gold	1466	spectra_filtered/specs_ms.mgf	lib-00023.mgf	0.700398	BILELIB19	37646.0	508.065	1.6229200000000001	9	0.000579834	357.279	357.278	1	spectra_filtered/specs_ms.mgf1466	1		0	0	RUDATBOHQWOJDD-JGFDLHJZSA-N	RUDATBOHQWOJDD	Lipids and lipid-like molecules	Steroids and steroid derivatives	Bile acids, alcohols and derivatives	Steroids	Cholane steroids	Terpenoids
CCMSLIB00005465688	"""(R)-4-((3S,5S,7R,8R,9S,10S,13R,14S,17R)-3,7-dihydroxy-10,13-dimethylhexadecahydro-1H-cyclopenta[a]phenanthren-17-yl)pentanoic acid"""	ESI	qTof	crude	Dorrestein	Emily Gentry	M-2H2O+H	357.279	392.293	1			[H][C@@]12[C@H](O)C[C@]3([H])C[C@@H](O)CC[C@]3(C)[C@H]1CC[C@@]4(C)[C@H]2CC[C@@H]4[C@@H](CCC(O)=O)C	"""InChI=1S/C24H40O4/c1-14(4-7-21(27)28)17-5-6-18-22-19(9-11-24(17,18)3)23(2)10-8-16(25)12-15(23)13-20(22)26/h14-20,22,25-26H,4-13H2,1-3H3,(H,27,28)/t14-,15+,16+,17-,18+,19+,20-,22+,23+,24-/m1/s1"""	N/A	1	Positive	UPDATE-SINGLE-ANNOTATED-GOLD	Gold	1476	spectra_filtered/specs_ms.mgf	lib-00023.mgf	0.700398	BILELIB19	37646.0	508.065	1.6229200000000001	9	0.000579834	357.279	357.278	1	spectra_filtered/specs_ms.mgf1476	1		0	0	RUDATBOHQWOJDD-JGFDLHJZSA-N	RUDATBOHQWOJDD	Lipids and lipid-like molecules	Steroids and steroid derivatives	Bile acids, alcohols and derivatives	Steroids	Cholane steroids	Terpenoids
